,Load Bus 5-P-H,Load Bus 7-P-H,Load Bus 9-P-H,Load Bus 5-P-L,Load Bus 7-P-L,Load Bus 9-P-L,Load Bus 5-Q-H,Load Bus 7-Q-H,Load Bus 9-Q-H,Load Bus 5-Q-L,Load Bus 7-Q-L,Load Bus 9-Q-L,Gen Bus 1-P-H,Gen Bus 2-P-H,Gen Bus 3-P-H,Gen Bus 1-P-L,Gen Bus 2-P-L,Gen Bus 3-P-L,Gen Bus 1-STATUS,Gen Bus 2-STATUS,Gen Bus 3-STATUS,CB Line 1-4-CLOSED,CB Line 4-5-CLOSED,CB Line 5-6-CLOSED,CB Line 6-3-CLOSED,CB Line 6-7-CLOSED,CB Line 7-8-CLOSED,CB Line 8-2-CLOSED,CB Line 8-9-CLOSED,CB Line 9-4-CLOSED
0,109.18108926585042,119.86394184662761,148.88550461532404,71.78386972012898,78.80612290651568,105.42398043081539,35.007099827637575,41.68480441803337,60.90046191746272,24.05293032260515,27.5368009766882,40.01667447438282,24.025379347260913,199.7561379423227,101.34357857611661,-15.700366757165096,127.25525962647201,67.90310742632587,0.0,1.0,1.0,0.0,0.0,1.0,1.0,0.0,1.0,1.0,0.0,0.0
1,106.4629663570135,119.12752048521074,155.48624818916787,70.28914166628756,77.53132056511924,100.73688636085477,36.328306086744156,41.848156039495386,60.806505890204555,23.242440764533008,27.59137040401444,40.93784603727704,24.245169834227745,189.11762455587117,100.15566163138872,-16.559904975829852,122.53909954256076,65.35888194292943,0.0,0.0,1.0,0.0,0.0,1.0,1.0,0.0,0.0,1.0,1.0,0.0
2,110.64527322766591,119.98834912394032,149.40945379068546,70.51645105157596,82.15720677945112,107.15019802501146,36.75762816024034,41.62429872051817,60.24223776467831,24.517672161328306,27.838281917159726,41.27726341089175,24.003384035709896,198.7409372620018,103.24081645224256,-16.252929931058954,128.16989672919252,69.07034288260613,0.0,1.0,1.0,0.0,1.0,1.0,0.0,1.0,0.0,0.0,1.0,0.0
3,109.65658489367257,120.66245330984083,152.94589313021925,75.41093547160833,80.42997262708292,99.57757258540558,35.47399066717076,41.87523288384106,59.14815263346666,24.211955965596268,27.80313924999423,40.930904382968215,24.166818747462216,199.56641760457538,104.13944025323627,-16.218168002272332,133.83835157996663,65.6574200919498,1.0,0.0,0.0,1.0,1.0,1.0,0.0,0.0,1.0,1.0,1.0,0.0
4,106.4714869020094,118.75316444715429,147.92694185845608,69.51682349634382,80.9134604970834,98.72617476900824,35.50277163298255,42.42233181280822,60.10716580382116,24.77838333976821,27.973787042126514,39.366885145440975,24.46737434709589,197.96507841841222,102.20217877801767,-16.241522380331432,127.79391006324798,65.81533640198029,1.0,0.0,1.0,0.0,1.0,1.0,0.0,1.0,0.0,0.0,0.0,1.0
5,108.06145100991283,121.5842258935574,148.00044522121567,70.79073458881683,79.30820691305465,98.58918129126637,36.732696086384955,41.77975933728921,60.58490998098559,23.599121374265867,28.450791917467736,40.730492257761696,24.280667959651478,189.57651718991207,103.50120641941317,-15.415778205040356,135.20509975389606,68.8840035184812,0.0,0.0,0.0,1.0,0.0,1.0,0.0,1.0,0.0,1.0,0.0,1.0
6,109.12361412895235,116.53677250073477,150.01929579269424,72.51284043211716,78.37187818259778,103.99447962756304,36.21251973859676,43.40517196648002,59.72456485706549,24.784602195396246,28.527906441580797,39.31910553297225,24.023673348912624,193.53471933053567,99.81555251029224,-15.873557923118168,131.64845340845392,69.1349019789851,0.0,0.0,1.0,1.0,1.0,0.0,0.0,0.0,0.0,0.0,1.0,0.0
7,105.91455645352684,123.41634293838091,144.5749052519895,72.29207666324352,80.90895225866271,98.5406476612745,36.66028491077133,42.580086341195944,61.65202627848879,23.78474803035076,28.341484053807676,39.98475106338078,24.605473621404524,195.40481016980635,100.52726795435562,-16.132508910964848,125.2785891546405,68.96080407071152,0.0,1.0,0.0,1.0,0.0,1.0,1.0,1.0,1.0,1.0,0.0,0.0
8,104.05817320437588,118.67496062626847,148.37152321340992,71.14396518677924,80.07076041658888,100.78975850017574,34.99093221191904,42.140565811831664,60.37464000211613,23.74947050601066,27.78916059390238,39.3989247959187,23.64287416016387,201.18486123861777,104.26432697134564,-15.75579384274665,124.94818288900699,70.19447292084132,0.0,0.0,1.0,1.0,0.0,0.0,1.0,0.0,1.0,0.0,0.0,0.0
9,108.07611923432161,119.37198451158089,148.16849788486624,72.05654434791275,78.47566512955365,102.85170783874229,35.52393472395272,40.83456810164472,61.35254129719089,23.548730075961746,29.274740567556666,39.906782801601736,23.624783127173465,190.3967018438535,103.803388701644,-16.257667916087726,126.87570287814802,66.45837191095839,0.0,0.0,0.0,0.0,0.0,0.0,1.0,0.0,0.0,1.0,0.0,1.0
10,106.68769032440828,117.74228038511076,147.30102228424215,72.96124687538492,78.7526097786549,98.13758748400568,36.16334897699207,42.69140500386506,61.37052487681175,23.675895990278192,27.378408225525998,38.176950952460196,24.46991274416327,194.79040989820348,104.79454335769057,-15.733804116912914,135.29575797786057,68.3492389298798,1.0,1.0,0.0,0.0,0.0,1.0,1.0,0.0,0.0,0.0,0.0,1.0
11,107.90428541989209,122.76862772877575,152.64150111787032,71.3054935718642,80.83744600759371,98.31187085825087,36.26735387670511,42.475722461954405,59.48975467932869,23.91323804939842,28.197450513941323,40.90139282197821,23.920377747843077,199.84454196751287,102.30896930597439,-15.770329141187826,132.62029873670744,68.75032106925333,1.0,1.0,0.0,1.0,0.0,0.0,1.0,1.0,0.0,0.0,0.0,1.0
12,109.3815433187961,117.14940802048828,146.53161417818984,72.88091883892444,77.78986655127417,102.5843485221203,35.94374854850731,42.023913457739575,59.62312160690513,23.888877071318824,28.23480968216488,40.87417919310395,24.405851034323952,200.1953777786925,101.9672202770804,-16.29361906920326,136.80692514392237,71.38453127436965,0.0,0.0,1.0,0.0,0.0,1.0,0.0,1.0,0.0,1.0,0.0,0.0
13,106.5386517162196,119.44605802640791,146.00968836473533,72.1853100029777,82.99784183791617,96.67476862380983,35.500112901213086,41.882373723606456,60.39270605080617,23.184593854281623,29.06837944487953,40.665409239711586,23.89174998527192,200.40176013147808,105.38235853990422,-15.95386704111384,135.31324354475547,68.66805513780803,0.0,0.0,0.0,0.0,1.0,0.0,0.0,1.0,1.0,0.0,0.0,0.0
14,112.42587373444348,122.67561395516266,152.36639826976486,70.12279536304301,80.4674022868887,102.99834704543407,36.10242084958549,41.64806221514364,59.070554877721705,24.819520331837087,28.124186675203372,39.03672787292602,24.080521977137916,194.75858859597938,101.9629024868057,-15.951829273090876,134.45932977235333,69.20391667206631,1.0,0.0,0.0,1.0,1.0,0.0,0.0,1.0,1.0,1.0,0.0,1.0
15,109.65477623280267,120.35337004046025,151.0915814296907,76.4251329298503,77.79133388162023,99.77503211752249,35.87759463748175,43.03347317946746,59.64150023797854,25.290535961885077,27.532885068842027,39.79100511388475,23.77102298647264,196.0774429760773,103.50226452162353,-16.121599335734523,129.46197009501066,66.20455645029485,1.0,0.0,0.0,1.0,1.0,0.0,1.0,0.0,1.0,1.0,1.0,1.0
16,107.17289955357568,123.49770530910125,148.34311233735102,68.36734860647464,79.93245424552528,103.76964157516133,35.86633703313191,41.57196380350876,59.58574531598424,23.58760273187273,27.776768875415492,41.856678219994045,23.709993449894743,193.03384644556587,101.96282792534133,-15.845291528440884,131.49346488967146,66.66261242380969,0.0,1.0,1.0,1.0,1.0,0.0,0.0,1.0,0.0,0.0,1.0,0.0
17,106.2740501726,118.38849201715311,147.12766399097805,71.49244363414051,79.60687290789966,98.85974182880146,36.0232466712353,40.586516989004224,59.204002948966775,24.07718036932965,28.794310981506666,41.121352473070154,23.685878857869756,200.93664827529372,101.32879052628033,-16.38433024350187,130.43495349947338,65.42655080195419,1.0,0.0,0.0,1.0,0.0,1.0,0.0,1.0,0.0,1.0,0.0,1.0
18,108.84652348806674,121.94666194831419,152.07031299624293,71.60921259019912,78.06229789526324,95.38539784570717,36.53906441624011,41.88006218797596,60.6909252365233,24.458041336571988,27.629485109572695,38.46224772207315,23.657327786570153,191.7116638680782,102.42179395872482,-16.207282287347063,129.37041808833084,68.65799579925327,1.0,0.0,0.0,0.0,1.0,1.0,0.0,0.0,0.0,0.0,1.0,0.0
19,107.5929879300553,118.50540095312516,154.44981803466789,69.46449907083509,78.67650787610356,101.50509207728625,36.42527411744127,41.85110113395882,59.793485189020444,24.46175053753157,28.75263762071457,40.28839358607118,24.048809465454607,198.20249593125158,100.95529365503171,-15.9079331197348,132.95647763395093,65.96176435016378,1.0,0.0,0.0,0.0,1.0,1.0,0.0,0.0,0.0,1.0,1.0,0.0
20,107.77938387124084,121.7984511041728,150.98527832375044,71.72929168902854,79.14581890537299,101.0447320307186,36.89200266189857,41.56944645078677,58.76072571052927,23.728824154959213,28.5798227711831,40.31887910237305,24.330835126325,193.38625285170207,100.09271317860596,-16.11172772533447,130.85338883656377,66.42327737941329,0.0,1.0,1.0,0.0,1.0,1.0,1.0,1.0,0.0,0.0,0.0,0.0
21,109.1757605063907,120.73250817675543,152.19727511505536,72.20599034758649,79.9183568258705,96.32291598918293,35.82996543379949,42.785938807786266,59.80659096393217,22.700615700451195,28.823481954245747,39.404676749079805,23.40495281913618,197.27082931452733,100.99963421310112,-16.41643376718911,129.3833357538325,67.62197965009506,0.0,0.0,1.0,1.0,0.0,0.0,0.0,1.0,0.0,1.0,0.0,0.0
22,111.51383396151158,122.92190602210138,150.90936139042276,70.4721779445325,80.81168890281812,101.71955060741591,37.064091497833196,41.9034850751037,61.281821946279415,23.61878880831592,28.353264688685307,38.17154217173033,23.673394529712567,198.05226353871032,103.55042232884566,-15.804618922202526,127.06723911230836,67.31822502454047,1.0,0.0,1.0,0.0,1.0,0.0,0.0,0.0,1.0,0.0,1.0,0.0
23,105.81370152085161,120.47496242321225,150.3029696511709,73.31718712914288,79.64463620933967,101.21871223825259,35.97926935419918,41.12496435358463,61.1916696230697,23.83609159679767,28.21442346093984,42.23232482399168,24.57529615995853,194.61726617898051,102.37893091081052,-15.220146909977512,131.18398590835952,68.98738662240449,1.0,0.0,0.0,1.0,0.0,1.0,0.0,1.0,0.0,1.0,1.0,1.0
24,108.18725399421155,117.45768024124116,152.9461952722478,75.36702763344069,79.46864110214266,100.55835187050751,35.91142951273682,41.90032026658092,60.6298215184461,24.245403375766426,28.061923096590302,39.24031658516921,23.81389860011531,196.27170175757553,101.71210749693479,-15.662843082990694,128.34756026095008,69.69280519602134,1.0,0.0,1.0,1.0,1.0,1.0,1.0,0.0,0.0,1.0,0.0,0.0
25,108.46073911609923,119.51675809944015,147.8343658483319,68.12542896347479,81.42137684574647,101.31953603242859,36.15965055560986,42.617124997862206,60.37247653767185,23.71922505835259,27.21226641616786,39.38803450532203,24.50544752931672,198.51244365412174,101.91345273417173,-16.43670053532447,130.53381958595784,68.88250221288817,0.0,0.0,1.0,1.0,0.0,1.0,0.0,0.0,1.0,0.0,0.0,0.0
26,105.67770576952462,122.1059973069184,149.39965482783134,70.82433121083133,76.70917991624474,95.48910676665136,36.419480971797526,41.63533387992019,59.82557326758333,23.762448975854273,27.239218696202514,39.6607901971614,23.516861427392296,196.53928648665806,102.13677416602314,-15.911110953443309,126.90405419672673,66.0370459224037,1.0,1.0,0.0,1.0,1.0,0.0,1.0,1.0,0.0,1.0,0.0,1.0
27,107.11315721406714,116.97857365481666,150.88224551230542,73.42823180910645,79.30274435945256,101.41038445773113,36.048472385986585,41.88885253049425,61.08516928522919,24.29469998627755,27.320172308413564,39.11041191067483,23.65177576416184,187.7755447714776,101.06262536220586,-17.068814123095596,135.80992122415827,69.83529396873162,1.0,0.0,0.0,0.0,1.0,0.0,1.0,1.0,1.0,0.0,0.0,0.0
28,106.99347148911207,118.7190392761146,148.32631165713678,73.63797793811047,79.74359422194968,98.47197906574938,35.90563778944083,42.778448051868665,61.8163013287946,24.03376136805918,27.851450991330257,37.94677300033354,23.95188530305515,193.69916444811048,101.47886127248397,-15.853049211900373,131.34721273330976,65.35479056886503,0.0,0.0,1.0,1.0,1.0,0.0,0.0,0.0,1.0,1.0,1.0,0.0
29,107.85822267103761,119.99800947333328,148.96593977691037,75.41807638627363,79.95509584269743,103.39324290802917,36.09340033750843,42.769709755616695,58.9373696832998,25.06417898906097,27.526924501086583,40.52537326876293,23.371362268242205,196.87870160350974,100.92482138738454,-16.491737420761613,123.50316357522097,71.2062925526436,1.0,1.0,0.0,0.0,0.0,1.0,1.0,0.0,1.0,0.0,0.0,0.0
30,106.68737797290126,120.16484499456273,147.33545654158118,73.2145654862142,82.45321753147856,99.59721462701647,35.181184420674136,41.86546284393156,59.819108343533635,24.308808815394677,28.218550315699456,41.22446518935919,23.798192211883496,199.16214751225365,103.49647438926338,-15.472473877100889,125.81748818187525,70.21516326313383,1.0,1.0,0.0,1.0,1.0,1.0,1.0,0.0,0.0,1.0,0.0,1.0
31,107.388656069015,118.64190723701186,153.6213379697523,71.77092472261694,79.78330309995447,101.41801919430002,35.51090055213323,42.87696230556819,59.569410376305086,22.956533450487008,26.828015612813243,39.26367090063166,23.8606114695839,195.82922269500406,100.70744676054447,-16.083285487022707,128.42409744767127,67.12973462108523,0.0,1.0,0.0,1.0,0.0,1.0,0.0,1.0,1.0,1.0,1.0,0.0
32,109.89944507667738,119.21014645599375,151.39477365540083,73.08697448638794,80.35062358079826,99.27921460037976,36.247351206237646,40.42543943317761,60.462846334585976,23.821735582520965,28.192688812769706,40.24271161519071,24.758936951649282,195.90497140047884,101.59967285537729,-16.071602096246885,127.36639726620835,66.32125113697357,0.0,1.0,1.0,1.0,1.0,0.0,0.0,0.0,1.0,1.0,0.0,0.0
33,105.96460926170424,121.1802803856813,149.3948900231207,73.62426145971057,81.33102303080159,98.38025791494418,35.77502089032752,41.44001674086865,60.845814013932554,24.26337140529675,28.031595979056505,39.786763797089684,23.622105838724185,193.03926432713894,103.68424791878064,-16.215627143080727,135.82797674728482,68.28506054986089,0.0,1.0,1.0,1.0,1.0,0.0,0.0,1.0,1.0,1.0,0.0,0.0
34,105.22875741933369,119.2015132141946,148.4074771495817,74.20053935136627,78.638564622025,99.17666472556239,36.47481113287347,43.31499526293908,61.221299072254,24.797081905164823,28.753414424544673,39.52958827740861,23.67805818693434,199.60798467765804,103.46131748027997,-16.17465514025764,130.63910409631995,65.40088250825089,1.0,0.0,0.0,1.0,1.0,1.0,1.0,1.0,1.0,1.0,0.0,1.0
35,106.39405477695304,121.5461256263912,151.92234197647605,71.54932561987627,76.7110238820843,101.20783111178231,35.97086944841144,42.02477157722422,61.067740369802905,24.692361623515147,28.312635161648043,40.60172669228248,23.795462837401253,189.80297640940526,97.79654760264611,-16.372469940377,133.125168341337,66.72266990533126,0.0,0.0,1.0,0.0,1.0,1.0,1.0,0.0,0.0,1.0,0.0,0.0
36,107.26249711178474,123.61165472410622,153.07201452055932,71.60307747199752,79.67111937398931,103.7410905501891,34.72644166633641,41.90369084384975,60.44358376465977,24.23799031888718,27.861208606103887,37.814977960098055,24.47581427190441,199.9617937297635,100.18340137067688,-15.179799138092802,133.04024441767652,66.66683051593228,0.0,0.0,1.0,0.0,1.0,1.0,1.0,1.0,1.0,0.0,0.0,0.0
37,105.55917314254337,121.7112008914772,148.22488002249244,70.29966205794504,84.46924079831187,103.85538601372727,34.87477486507559,42.104363349088146,60.84582781412329,24.47541001549077,28.631407985206664,38.530360757303725,24.64747449788134,196.74688927936714,104.39177338126649,-15.758669006930377,129.36128111001196,67.26448302856949,1.0,0.0,1.0,0.0,1.0,1.0,0.0,1.0,1.0,0.0,0.0,1.0
38,109.82588166603445,120.8493078967285,151.5786445210578,71.31706481016816,79.59186993344568,98.33217899956256,36.06520560608281,42.01766683351635,60.95318006370152,24.197618456866124,27.920604633920085,39.86991237068479,23.81081503958805,195.99802017657765,102.05053812396679,-16.097229845662127,132.5507333393229,67.69868769941606,1.0,1.0,0.0,0.0,1.0,1.0,0.0,1.0,1.0,0.0,0.0,0.0
39,106.0990777182885,120.43675242392102,151.926500415024,71.62223901892712,77.90631317730386,107.16152245147629,36.48171064795046,42.07740144802391,60.59711414633432,23.77053222851418,29.375478755522522,39.585666208657685,23.85847754372969,194.85594244864473,101.64584664362899,-16.449768792816183,131.44850353716353,70.21990023503426,1.0,0.0,0.0,0.0,1.0,1.0,0.0,1.0,1.0,0.0,1.0,1.0
40,106.69725638996188,121.29966371446255,150.0229470184962,68.74543430278811,81.44789072978452,101.98711404994931,36.45099817704132,42.961425039185755,58.76529834912143,24.162509969545237,27.787438011625845,39.88414686082448,23.73466770411984,195.7245379540941,100.71574490389212,-15.680962365963811,128.68946734634264,71.22660578128703,1.0,1.0,0.0,1.0,1.0,1.0,0.0,1.0,0.0,0.0,1.0,0.0
41,109.76110632367723,116.19718179326719,149.40892460733153,73.4783625207436,82.06762699831519,100.77902658392608,36.70294121372122,42.97247378495998,60.38866863117695,24.68800551193977,27.62040298664235,40.1054371788848,24.719103868188363,200.8631316368967,106.28091855645789,-15.22645188514125,130.26337445797685,68.19641407456847,0.0,1.0,0.0,0.0,0.0,1.0,0.0,0.0,0.0,1.0,0.0,0.0
42,108.6968726636767,122.51528119213795,151.8553249719212,69.305788684696,81.02393788411297,102.03176020103813,37.134713424993556,41.887153669801975,60.749696981980016,24.030708552346333,27.680887899653722,39.98240720805527,24.968750082512322,191.5411310137181,102.92530405961882,-15.990140718942223,124.86771346403073,68.4136839892369,1.0,1.0,0.0,1.0,1.0,0.0,1.0,1.0,1.0,0.0,1.0,1.0
43,105.9558818545412,122.10560107522,152.98808821809155,73.99506479609343,79.21189168374812,103.46614462072903,35.41175898159771,41.42931566028573,61.797976901353145,23.946296158013432,28.808090766351857,38.35365019902507,24.3071015891704,191.70701782994655,99.81368915918877,-16.013282169465576,130.09563468042325,68.10346515668135,0.0,0.0,0.0,1.0,0.0,1.0,0.0,1.0,0.0,0.0,1.0,0.0
44,105.6222420500401,118.51153977879277,150.03862093795598,71.8324344463204,81.9844557420793,98.02225067273923,35.85088769301789,41.62410723100928,60.57048823717128,23.343955070131848,29.289910414282854,39.97711422414856,24.013943410998948,198.64223851479798,100.84105199726731,-15.617393259402077,131.51711881643894,70.451442501056,0.0,1.0,1.0,1.0,0.0,0.0,1.0,1.0,0.0,1.0,1.0,1.0
45,108.92934043151337,118.70784940056734,144.4181717000883,74.61340418000141,75.7481707943863,101.6110215329889,36.36670031053838,42.68339237517221,60.52697280689128,24.32838853828583,27.272883824115723,41.37881677407534,24.14149560853353,198.07740193496946,101.93759722239619,-16.020224389140132,130.63841148291897,68.91397109578472,0.0,0.0,0.0,1.0,1.0,1.0,0.0,1.0,0.0,1.0,0.0,1.0
46,105.70452959631015,120.19816927338118,148.9599876678479,73.3165564065546,82.73305178896418,97.54432584408015,35.91051482289631,40.973292237643165,59.66197259711075,23.023120314620396,28.30856407322928,40.20208460933121,24.927324556265038,196.3703612997703,103.56519415203707,-15.907578587781991,135.75956151387769,69.7829134102343,0.0,0.0,0.0,0.0,1.0,0.0,0.0,0.0,1.0,1.0,0.0,1.0
47,109.58023925412259,121.54398359867741,150.64864907970073,73.50516978268179,76.78088029447248,100.14763788531737,36.73451404044207,42.942895262051145,60.493994007483366,24.27638664177411,27.51950213276415,39.70120014945308,24.0428866231797,195.9401101261523,101.89293643021011,-15.38007080283753,133.09216004366206,68.70892940678998,0.0,1.0,1.0,0.0,1.0,1.0,1.0,0.0,1.0,1.0,1.0,1.0
48,103.6527904243256,116.09555215918132,148.17392059856425,70.29219286510285,83.12756677592122,101.11853054636957,36.18688102319011,42.10178718036018,59.02188439421233,23.741450995827922,28.301102715169737,40.98283213374049,23.741887142833598,194.38208931015086,101.36478890540515,-15.63016108718738,126.24702029158904,68.26751405747079,1.0,1.0,0.0,0.0,1.0,1.0,1.0,0.0,0.0,0.0,1.0,0.0
49,107.05002773787346,121.95710834570335,147.3462849335631,74.1884442079694,76.23361711733298,100.57822895414364,37.37221788471358,42.500476662095835,58.788632046896815,23.60117990063776,27.646659131459497,38.96565052279395,23.978883055673496,193.94882048832125,103.00041703480181,-16.17169085922837,129.78060889607227,67.943946766327,0.0,0.0,0.0,0.0,0.0,1.0,1.0,0.0,1.0,0.0,1.0,0.0
50,110.35821421416928,124.18619869377369,149.43688530654435,68.04544477223554,79.72696209934792,101.64363346287132,35.544215040335516,42.23313847292358,60.23801409148927,24.029387700436285,28.2621765926768,40.97132497733922,24.46681859928054,194.80466223911714,99.06830867801786,-16.208297839317876,137.19006235612687,69.77306740440565,0.0,0.0,0.0,0.0,1.0,1.0,1.0,0.0,0.0,1.0,1.0,1.0
51,107.8273180425599,118.99193691285595,149.22831999340514,71.60694247867315,81.44728545837768,100.57056750384366,37.045633166050244,42.85415607376181,60.06155430854045,24.5726221798964,27.71496706777756,39.36065956582371,24.317804503821954,196.79789527412493,104.08250009259663,-16.327796980675625,126.09947668366885,67.95287098351358,1.0,0.0,1.0,0.0,0.0,1.0,0.0,0.0,0.0,1.0,0.0,1.0
52,106.65558634934517,122.5674779994592,148.90407254634195,72.47564773317218,77.86088060813906,101.91624133000444,36.94804069655691,41.52725969631535,60.499878980693026,23.345493122990952,26.976629878804804,39.97298514754709,24.74889591063795,194.36947886598588,99.53230196547278,-15.491806698358213,122.88841559062553,65.94988243577116,1.0,1.0,1.0,0.0,1.0,0.0,0.0,0.0,0.0,0.0,0.0,1.0
53,110.63879709803959,122.36411454000277,151.69278520545993,71.14350658682628,75.71061265972875,98.14622696492403,35.63145479216584,42.030332992526326,61.292371452187055,23.906775803267116,28.387377287280568,39.657271913629415,24.193367606442102,196.97228808364454,103.6413662596068,-16.310952782807952,132.5818982246924,70.56690435815902,0.0,0.0,0.0,0.0,0.0,1.0,0.0,0.0,1.0,1.0,0.0,1.0
54,110.1829162511277,118.17534744894176,147.7190873038361,71.21790794020112,77.30012210508322,103.23342256468169,36.65153015596515,41.669360218952896,59.531114899504566,23.213562131874298,27.048812672251998,41.032924788629416,24.703384131613927,194.48113338458666,100.90150703876785,-15.717957589419116,130.5594458094074,69.86082390650012,0.0,1.0,1.0,0.0,0.0,1.0,1.0,0.0,1.0,0.0,1.0,0.0
55,107.16555072018095,122.49966154992109,151.84873260820166,71.63805393025652,78.69704698650955,102.26738061049731,36.82718352799213,42.39788075252753,59.024458418965686,24.97254851278225,28.086823855789913,39.070870645542335,23.468765738336586,193.727766719361,102.7878251067773,-16.30139115542924,131.74786423650292,68.87039922116026,1.0,1.0,0.0,1.0,0.0,1.0,1.0,1.0,0.0,0.0,0.0,0.0
56,105.37477395573812,119.93698304264511,152.40323301921413,74.02563135766334,80.51042233231585,97.57143078151256,36.301588930808144,41.95368916132877,61.10159282955006,23.879052502045187,27.57526824295784,41.23226871433655,23.628726901237073,198.2273996320292,102.58668041090225,-15.917088109992633,128.9597681581036,69.43553680856908,1.0,1.0,1.0,0.0,0.0,1.0,1.0,0.0,1.0,1.0,1.0,0.0
57,104.68755992295742,123.49712846397603,152.15426089192633,73.65116784506357,83.78558594522386,96.9701173733318,36.539799004297215,41.271734189994966,60.630482442295964,24.855146555722065,28.471258314858375,38.72875411312947,23.756948779912687,197.55628054419563,99.6648323069793,-15.851744196767918,132.227656305123,69.14528478263829,0.0,0.0,0.0,0.0,0.0,0.0,0.0,1.0,1.0,1.0,0.0,0.0
58,109.92062423638555,120.12174032112016,143.3022281949664,71.82674395742339,75.85790800811682,103.66037708298795,37.05003928273251,43.9798235948798,59.300969981390004,23.330670615554084,28.344002539761064,37.89381279906462,24.91171066821616,193.93506499527942,100.05479647445547,-15.766691636387655,131.1356573699116,65.09474793600118,1.0,0.0,1.0,0.0,0.0,1.0,1.0,1.0,0.0,0.0,1.0,1.0
59,108.45578821578634,117.47166037024219,149.62377281759348,72.9137322509685,80.03403100507003,96.25983002244612,35.75518559672667,41.526180363746974,58.28924573763038,23.37582696539394,26.736216723703887,39.163398648420866,24.061013123898558,194.18947760368053,103.11513362488988,-15.940221012661402,127.93412676178332,65.63786439851094,1.0,0.0,0.0,0.0,0.0,1.0,1.0,1.0,1.0,0.0,1.0,0.0
60,108.92966580282071,118.84664385433419,152.2890720943318,73.33321918762907,82.80443599653704,99.23684402140857,36.92423042478045,41.730090709502996,61.07148273585577,23.44021933892265,28.155845768373453,40.57113474395377,24.366226375314604,198.19319898394784,99.24603380604725,-16.289239223720205,133.80831051325768,69.25079357042198,1.0,1.0,1.0,0.0,1.0,1.0,1.0,1.0,1.0,0.0,0.0,0.0
61,106.20087209769305,117.96058661434014,152.94243021216593,73.53156722030575,79.93951775622749,102.14707234076495,36.10260874796717,42.08901136424725,59.45266048636123,22.738066193040012,28.39293686995062,40.32949086929648,23.86880024912141,191.1942184390592,100.83541939818313,-16.495443976398,136.4486385700791,67.8773321974305,1.0,0.0,1.0,0.0,0.0,1.0,0.0,1.0,1.0,0.0,1.0,1.0
62,106.10687093256544,121.13945613643952,145.82527390128624,72.44052750862882,83.51985885807188,93.53726489987385,36.090558814543954,41.27022043557323,60.950481220031996,24.37845568416561,28.60104284323284,40.17681410574927,23.806247870443183,196.81904967408045,101.70557308381265,-16.541400019543424,134.70681071581316,67.07279905000195,1.0,0.0,0.0,0.0,1.0,0.0,1.0,0.0,1.0,1.0,1.0,0.0
63,112.80888679562162,119.49249834029898,153.09034060772487,70.32763509722858,79.65582654452034,97.54993579614309,34.61538370752501,40.89216322056143,61.52249833773199,22.788837117717534,27.588166402377556,39.513626410759066,23.534801186894562,196.59160465693682,100.04379245328451,-16.626790405861087,131.42381761785018,67.58394395920735,1.0,1.0,1.0,0.0,1.0,1.0,1.0,1.0,0.0,0.0,1.0,0.0
64,104.82282934601808,115.24378340459825,149.0971128275681,70.46362809200241,86.38483872156233,101.56639211052534,36.582715778977025,41.35895976901274,60.35788669167732,23.71140668750629,28.542771215461627,41.78095173250863,24.16898294339155,196.33642354552774,100.98315618166707,-16.302170474745935,125.76036137885949,68.46669821507814,0.0,1.0,0.0,0.0,0.0,0.0,1.0,0.0,1.0,0.0,0.0,1.0
65,108.93362113112674,119.86171883667937,151.56973735833176,73.3336542242345,79.2975713401435,95.7477001651006,36.30072596255976,42.15480382843457,61.87245029481313,24.449923259913223,27.537401207057723,39.831660011905804,23.862582931816632,195.65439726156956,102.5989660800595,-15.715777548765848,123.12774719154456,68.1724802067516,1.0,0.0,0.0,0.0,0.0,0.0,0.0,0.0,1.0,0.0,0.0,1.0
66,108.62859818999691,121.3669321015077,151.7183437546343,70.89204840777096,78.23173243397055,97.41513954382707,35.66980424222233,41.821907117369115,59.64024523649785,23.23080607487963,27.683880970560313,41.455684494957154,23.390286974895563,194.0442802569729,101.47186825265378,-16.00503561020986,129.93512277680372,71.2942976637067,1.0,1.0,0.0,1.0,0.0,1.0,1.0,0.0,0.0,0.0,1.0,1.0
67,109.26419738074667,124.38261305976191,146.66695399359236,71.86243448687664,77.60376034909888,100.92808017473277,35.05877678006461,41.54120609079061,59.67132075995729,24.268931107438913,28.67771552804663,39.3711021148257,24.388057452389035,202.55288443116956,103.27208218172,-16.1590432992981,131.21428012996645,73.02166341847096,0.0,0.0,0.0,0.0,1.0,1.0,0.0,1.0,0.0,0.0,0.0,0.0
68,109.66151828183567,119.7864034136669,146.47210286885095,73.82548634293367,74.87800279918322,104.6569592770094,35.72489597263089,41.722155864534386,62.13921650636848,24.312506165073227,27.65108740838168,39.787417103443204,23.596787317920196,194.9521855762029,104.75221292663352,-15.718384803427313,133.63934720918218,65.6480648224372,0.0,1.0,0.0,1.0,1.0,1.0,0.0,0.0,1.0,0.0,0.0,0.0
69,109.66031856642738,116.1762297204004,148.9733825615277,71.21593004214176,81.18680135995939,99.91581268097515,34.8382111455424,42.49870488784587,58.59440081752959,24.291048558565922,27.54632102492244,38.772905256579676,24.346934987265904,199.78546703368048,104.9711772741631,-16.878573828319134,131.89935407764196,70.5907709075674,0.0,1.0,1.0,0.0,0.0,1.0,0.0,0.0,0.0,1.0,0.0,1.0
70,108.41413950176974,120.1682032691904,149.59970526217705,70.07116062080378,79.09564840388545,99.79773071878681,36.342751516,42.788727482291634,59.669428946844995,24.16666415902392,27.95100153666402,40.34532233878699,23.793945226122624,197.33329103567883,102.21259025162153,-15.824530406589103,130.6961238274131,66.19290063660102,0.0,1.0,1.0,1.0,1.0,1.0,1.0,1.0,1.0,0.0,1.0,0.0
71,106.81035438169498,117.84505605907039,150.5511558824234,71.47322464637175,79.08634959439729,102.08941798658147,36.305815371928965,41.830056865119964,61.449730417517166,23.62450104664741,27.17560003409862,39.14532655258061,24.09557516965954,193.5520580272651,101.29475424486485,-16.177760290503937,134.78029955317962,70.15375427579079,0.0,0.0,1.0,1.0,0.0,0.0,1.0,0.0,1.0,1.0,0.0,0.0
72,105.87925077292813,123.66611831357375,150.0223599961976,72.02401227145239,78.26192409099929,96.53296331730294,36.374245292304806,41.23448253274015,59.9573872879,23.360604740628304,28.58731953184215,39.872971385564504,23.78536568746086,193.8854405308152,103.04030835532738,-16.271980908178378,131.3316526485733,71.21319850236135,0.0,0.0,1.0,0.0,1.0,0.0,0.0,1.0,0.0,0.0,0.0,1.0
73,102.92539874405973,121.65187310422286,149.22774646842342,70.82911231949466,77.63187169073763,96.3060120310486,36.0454529276067,42.41521234043263,59.33047822423981,23.186404390585167,27.985502404097367,38.45366686115126,24.013320160066254,193.63274231573314,102.70546586842563,-15.682092994595187,131.09563809168716,67.42967180754033,1.0,1.0,0.0,1.0,1.0,1.0,0.0,1.0,1.0,1.0,0.0,1.0
74,108.77542395666691,116.8921384814792,147.337525614754,73.97500296282068,81.86595275597205,96.35277136126733,35.82912676970975,42.53245968978057,60.459595152339496,24.379546387215925,27.987808494938246,41.049193506652756,24.250066321440613,196.85782843947842,100.05983047252067,-15.88710449021317,134.82196891103058,69.7539925783718,1.0,0.0,0.0,0.0,0.0,0.0,1.0,0.0,0.0,0.0,0.0,0.0
75,109.82196936655534,119.54696799618895,150.543117385874,70.12222491804386,77.70864586113542,98.15509544232714,36.64671360421889,41.77529462582871,59.479449204454994,23.252010852643146,29.082695281236433,38.003838053702,23.279404506110083,187.04790604302792,102.9635589825946,-16.110958325650056,127.83105166564005,66.61033752744555,1.0,0.0,1.0,1.0,1.0,1.0,1.0,1.0,1.0,1.0,0.0,0.0
76,107.73918999580276,118.18827893306776,153.12367958999891,73.4681241273271,81.93576670545752,97.39280178911694,36.39562479408362,42.2873632143078,59.96467821582206,24.83194871625831,28.446328247902148,39.22318411764956,23.736531013832618,194.30470420028493,98.34167770077131,-16.764108807111594,132.19476870898063,70.29909148869517,0.0,0.0,0.0,1.0,1.0,1.0,1.0,0.0,1.0,1.0,0.0,1.0
77,110.42037984527076,118.58789303776736,148.99961505182506,71.14370065049069,76.88199581269166,100.00739690577002,35.856608648267375,41.88302639872374,60.90952673908529,24.19636986231395,28.296612826553407,41.325298932809126,23.869934930338566,192.77834357375758,102.45044961602862,-16.41380570778842,137.2731219084602,68.7724804872316,0.0,1.0,0.0,0.0,0.0,1.0,1.0,0.0,0.0,1.0,0.0,0.0
78,107.43031806770887,119.02859817479685,151.82952790238414,71.9245017266298,77.92913704590985,101.64150226265485,36.19453753722165,42.16861533865184,59.78648136738853,23.795456791687496,28.62531182591808,40.04624699492607,23.96238449643356,194.04960501701342,101.83735706282906,-15.18833492312038,127.60229825875982,69.9562604573397,1.0,1.0,0.0,0.0,0.0,1.0,1.0,1.0,1.0,0.0,0.0,1.0
79,108.06944416481902,118.66361649197614,150.6704670085515,70.88913295386165,80.8385866058161,95.30575993629492,35.76171376267899,40.94489731213652,59.36287828356039,24.15497584319546,28.898492762704453,39.53294981388114,24.744620905537083,199.14385478378952,100.65090819840971,-15.127817494611799,130.3604202687298,68.62600097532284,1.0,1.0,1.0,1.0,1.0,1.0,0.0,0.0,1.0,1.0,0.0,0.0
80,106.7138639998938,118.96041967547978,153.2726618327466,70.96719810339827,79.67100414818516,100.21381511596493,34.772459719943356,41.840540128139345,59.85436530631289,24.02492766739365,28.73104153390784,40.466570216650446,24.54485785996818,190.67302230096712,101.00031325016178,-15.963465152280662,130.3785612419955,67.59771662901835,1.0,1.0,1.0,0.0,0.0,0.0,1.0,1.0,1.0,0.0,0.0,1.0
81,109.98990801453022,122.96772648290235,151.3656450817938,72.6242930648651,78.7576082564705,100.07889044254568,34.75934167441332,40.93264570147714,60.78947625465309,23.437172469461537,27.311229948015406,39.95554121250421,24.227854750199548,195.05726842783952,103.71589086612593,-16.3124960595156,135.84144201638964,70.53460069802108,1.0,0.0,1.0,0.0,0.0,0.0,1.0,1.0,0.0,0.0,1.0,1.0
82,107.17603310593589,120.92987428703886,149.71579513787393,72.37917966063287,80.66102656068651,102.31132575197793,35.82912512674385,42.18430190210464,60.53808253340214,23.951722023131417,28.666062526022476,37.87494159260755,23.897765806237082,192.27380694917102,101.2244188673926,-16.168213879718458,129.5038405229878,66.56745235381105,1.0,0.0,0.0,1.0,1.0,1.0,0.0,0.0,0.0,0.0,1.0,0.0
83,102.99394404281999,121.71445461537094,152.05049785539836,71.14981193621482,80.2926360876868,101.06717739656685,37.38732605136241,42.19399787810613,59.72069768455013,23.905110716150027,28.253567875340472,39.78746498153717,23.470910621162822,192.5536498227391,104.99786086574309,-15.881419867068008,132.54667994618734,69.72000345655192,1.0,0.0,1.0,0.0,0.0,1.0,0.0,0.0,1.0,0.0,1.0,0.0
84,109.58382738237718,121.17032373851349,151.38230403915048,70.64153571187556,80.97631931218292,98.665782851388,35.53975023347961,40.68026718304608,60.151086329617954,24.5223184229828,27.949145031401468,38.58472804405077,24.11746081647991,201.8932253957649,102.96722192312865,-15.50329999456078,128.31029926185025,69.5978781758678,0.0,1.0,1.0,1.0,0.0,0.0,1.0,1.0,1.0,1.0,1.0,1.0
85,106.32476378994357,119.58092624469887,150.79019441946937,74.17960656228844,79.88256082224987,103.02251779232462,35.28252849493929,41.71766106970762,60.20933834634683,24.16467676253199,27.803045350567334,41.7384837340214,23.633962524368258,192.0274423684392,101.16284019268049,-17.052394820397602,126.92929658090338,67.14866406982556,0.0,0.0,0.0,1.0,1.0,0.0,0.0,1.0,1.0,1.0,0.0,0.0
86,107.23843774750759,117.67748446460031,153.8410011135453,70.99665783827712,79.23054866638071,97.21604238420849,36.11724889674043,41.75486891281046,59.924827866568585,23.387554525928312,26.914613744166655,38.64953947081954,24.124635123623158,196.0292939209857,102.6557280073887,-16.026411525841368,128.18065116826244,68.6347314619874,0.0,0.0,1.0,0.0,0.0,1.0,0.0,0.0,0.0,0.0,1.0,1.0
87,110.49032498309155,118.92386657876087,148.59467102920482,74.81104901682329,80.48385127881387,101.36530562345337,35.93586315452598,42.45353699338384,62.69942215615529,23.880111127681456,28.196925400830626,41.22965342773027,23.771649735277688,196.67740970151516,102.71569828529523,-15.727245895802893,135.36461094155533,69.3264106069817,0.0,0.0,1.0,1.0,1.0,0.0,0.0,0.0,0.0,1.0,0.0,1.0
88,109.46337788765564,116.39306156370921,151.89759782508446,73.56305847222673,79.35473476850363,102.201521736963,36.2844685383079,41.269101026115734,59.39383619088451,23.42836895038535,28.005281883749497,40.65513190492641,24.33850752643015,199.7959629579132,99.87514116217848,-16.2850648412403,127.8592458862316,70.4765723539555,1.0,1.0,0.0,0.0,1.0,0.0,0.0,0.0,1.0,1.0,0.0,1.0
89,107.07695797576191,120.17064605252597,152.61641099986258,73.30372592571878,80.42907778025908,100.4267313398971,36.68585115029867,40.553665852411264,60.26249686610301,23.512111317172383,29.66361107557403,42.69262562650676,23.929292964834595,196.96294816043238,102.72807204041563,-16.473100387281264,128.19055982817665,69.65851241298067,1.0,1.0,0.0,0.0,1.0,0.0,1.0,0.0,1.0,0.0,0.0,0.0
90,109.32817550793995,116.57255146564567,149.97913207011746,75.07039290258776,76.5159319980596,97.57488311187937,36.680247496793626,41.67500299503951,61.109727441949616,24.727168912368683,28.573615950311574,40.80062874332723,24.621284864705423,195.75161834934767,101.61628573523834,-15.407198630871628,127.68948102706642,70.74347819338578,0.0,0.0,0.0,0.0,1.0,0.0,1.0,1.0,0.0,1.0,0.0,0.0
91,109.10515608110335,120.01022405110898,148.50250175056078,72.44508351660131,79.66780969305333,98.4637106536641,36.04203311627945,42.121090766321124,60.10472244880699,23.01111869011128,28.24120487908194,39.15609317292982,23.325413026077907,193.5080867854465,101.39993222017324,-16.628385740200585,130.34569530485402,64.50437795178723,0.0,0.0,0.0,1.0,1.0,1.0,0.0,0.0,0.0,1.0,1.0,0.0
92,107.59458567826319,117.43639785377293,151.61726054042867,73.70860602559605,77.14463646458886,98.17348886994282,36.010508737749966,41.03525568691864,61.14700363378856,23.8296392079465,27.960126872633612,38.812064146026955,23.87717996317043,192.01663353583587,101.38619190203308,-15.395751972764058,130.74323157723475,65.92885116318547,0.0,0.0,0.0,1.0,0.0,1.0,0.0,0.0,0.0,1.0,1.0,1.0
93,107.1772515590866,121.87474611638586,147.44072873368125,70.82672717485572,79.65080038416644,99.7460799074566,35.98421069332109,42.54488128332729,59.492933756221845,24.38128637005271,27.74228790985915,39.69337348058818,24.189711382555483,200.56305575983671,101.21056658999579,-15.858180839935123,127.56315976654395,69.54770128711566,0.0,1.0,0.0,1.0,0.0,0.0,0.0,0.0,1.0,1.0,0.0,1.0
94,111.07079601479525,118.16164648838753,147.33291516511397,71.29001798869488,78.82689229570559,104.254739183629,36.14140874397859,43.04016855126699,58.5896554572404,23.722145983277777,27.707756548817784,39.77828623083986,23.528474679753423,190.8384203897079,106.1238505475489,-15.551163888511706,131.25742863076977,70.0407611523933,0.0,1.0,0.0,1.0,1.0,0.0,0.0,1.0,0.0,1.0,0.0,0.0
95,106.75412291321314,116.54062592154408,153.0737605944646,71.30536039368877,80.8008764511083,102.54690869920347,35.44136412882963,42.21872206383204,59.17450433614635,24.052109158978084,28.299489819593983,39.980878787282364,24.327325529658403,194.9788853947556,101.47622591188158,-15.717588354054426,131.7798413701592,68.46957363202037,0.0,1.0,0.0,1.0,0.0,0.0,1.0,1.0,0.0,1.0,0.0,0.0
96,109.71295481323821,122.2330947650205,149.8896748338117,75.05468725790523,81.24246150180149,98.66720358488104,36.02527536201194,41.84050244047057,61.23122500706009,24.07830064975073,27.679202721896697,38.858594525735604,24.144858918064827,191.22496874649377,102.32297851646422,-15.991429817419691,128.61622302039342,66.82226143545138,1.0,1.0,0.0,0.0,0.0,1.0,0.0,1.0,0.0,0.0,1.0,1.0
97,108.75779138715104,120.23527811358008,152.64273494576938,70.40340843096779,80.07272392336561,102.16779923008953,37.484390162094584,42.29173256910352,60.94362641357303,24.687127932938672,27.65857109729797,39.06902736603911,23.759394811908898,196.11965568753007,102.07558152708539,-15.713008694329325,137.13153738240536,67.95901196026746,1.0,1.0,1.0,0.0,0.0,1.0,1.0,1.0,1.0,1.0,1.0,1.0
98,107.56626560746639,120.22650528682692,149.22404466033754,71.0236406084415,78.96000502210777,99.52498744450573,36.22651312001728,41.640590493342046,60.31759519211543,25.8070221400534,27.673622993371225,40.82723328589588,23.77987833817745,198.7387616372891,102.38269814949552,-16.042743841689088,130.5536399408742,69.60022385570785,0.0,1.0,0.0,1.0,0.0,1.0,0.0,0.0,1.0,1.0,1.0,1.0
99,104.99822274048707,117.77224087426157,153.36591747448605,71.02943219070029,81.66365096797598,97.61408373454798,36.40196625840614,41.2087924070552,60.250435027829866,24.25309423097228,27.487393685509392,39.74373409320011,24.59590322961224,195.30014413510523,100.271068032113,-15.860729773342925,127.26939391284306,70.4074620733337,1.0,1.0,0.0,0.0,1.0,1.0,0.0,1.0,0.0,1.0,0.0,1.0
